{
	"time": "2022-02-06T08:34:13+03:00",
	"clientInfo": {
		"platformType": "Windows_x86_64",
		"appVersion": "8.3.18.1363",
		"appName": "1CV8",
		"systemInfo": {
			"osVersion": "Microsoft Windows 7 version 6.1 Service Pack 1 (Build 7601)",
			"fullRAM": 34359738368,
			"freeRAM": 12127444992,
			"processor": "GenuineIntel Intel64 Family 6 Model 79 Stepping 1 2394 MHz",
			"clientID": "421517fd-4251-43f1-923c-5f71e8238084"
		}
	},
	"sessionInfo": {
		"userName": "CI",
		"dataSeparation": "",
		"platformInterfaceLanguageCode": "ru",
		"configurationInterfaceLanguageCode": "ru",
		"localeCode": "ru_RU"
	},
	"infoBaseInfo": {
		"localeCode": "uk_UA"
	},
	"serverInfo": {
		"appVersion": "8.3.18.1363",
		"type": "Windows_x86_64",
		"dbms": "DBEng8"
	},
	"configInfo": {
		"name": "IRP",
		"description": "IRP (2021.43.2644) (https:\/\/github.com\/IRPTeam\/IRP)\nIRP Team\n(https:\/\/github.com\/IRPTeam\/IRP)",
		"version": "2021.43.2644",
		"compatibilityMode": "Version8_3_18",
		"hash": "77f3450997455e49847bd963c6208ce100000000",
		"changeEnabled": true
	},
	"errorInfo": {
		"userDescription": "Пытаюсь сохранить сценарий у которого последняя строка препроцессор \"Сценарий\" без имени, то есть выглядить вот так: \n\nСценарий:",
		"systemErrorInfo": {
			"clientStack": "core83.dll:0x00000000000D5DAB bsl.dll:0x000000000005A0EB bsl.dll:0x0000000000063180 VCRUNTIME140.dll:0x0000000000001030 VCRUNTIME140.dll:0x00000000000032E8 ntdll.dll:0x0000000000000000 bsl.dll:0x000000000004ACA4 bsl.dll:0x000000000004AEB9 bsl.dll:0x0000000000024685 bsl.dll:0x0000000000024408 bsl.dll:0x000000000004D646 bsl.dll:0x000000000004ACA4 bsl.dll:0x000000000004AEB9 bsl.dll:0x0000000000024685 bsl.dll:0x0000000000024408 bsl.dll:0x000000000004D646 bsl.dll:0x000000000004ACA4 bsl.dll:0x000000000004AEB9 bsl.dll:0x0000000000024685 bsl.dll:0x0000000000024408 bsl.dll:0x000000000001059E core83.dll:0x00000000000AAD55 mngui.dll:0x000000000055B3E4 mngui.dll:0x00000000004ACC09 extui.dll:0x000000000000784A extui.dll:0x0000000000007306 extui.dll:0x0000000000007BE7 core83.dll:0x00000000000D35F6 frame.dll:0x00000000007156A4 frame.dll:0x0000000000715A54 frame.dll:0x0000000000713396 perform.dll:0x000000000004CABA 1cv8.exe:0x0000000000015141 1cv8.exe:0x000000000001047E 1cv8.exe:0x0000000000018CEE core83.dll:0x000000000021CF10 core83.dll:0x000000000021F3E8 1cv8.exe:0x00000000000188B6 1cv8.exe:0x00000000000D6ABE kernel32.dll:0x0000000000000000 ntdll.dll:0x0000000000000000 ",
			"clientStackHash": "95193EF1EFFA16AAF3CB85888585CA4F"
		},
		"applicationErrorInfo": {
			"errors": [
				[
					"{ExternalDataProcessor.VanessaAutomation.Form.ПарсерGherkin.Form(420)}: Поле объекта не обнаружено (name)",
					[
						"ScriptRuntimeError",
						"ScriptUseError"
					]
				]
			],
			"stack": [
				[
					"ExternalDataProcessor.VanessaAutomation.Form.ПарсерGherkin.Form",
					171,
					"\u0009\u0009\u0009ДобавитьФичу(СтрокаИмяФайла.ПолучитьЭлементы(), ДанныеJSON, ФайлФичи, ИдСтроки, КешСнипетовНаКлиенте, Неопределено, СтруктураПараметров);"
				],
				[
					"ExternalDataProcessor.VanessaAutomation.Form.ПарсерGherkin.Form",
					406,
					"\u0009\u0009\u0009ДобавитьСценарий(ЭлементыФичи, ДанныеСценария, ФайлФичи, ИдСтроки, КешСнипетовНаКлиенте, Ложь, СтруктураПараметров);"
				],
				[
					"ExternalDataProcessor.VanessaAutomation.Form.ПарсерGherkin.Form",
					420,
					"\u0009\u0009СтрокаСценария.Имя = СокрЛП(ДанныеСценария.name);"
				]
			],
			"stackHash": "D8F1356328C2404C46DDE89F7C0F0B57"
		}
	},
	"screenshot": {
		"file": "screenshot.png"
	}
}